{
  "ABW": [
    0.305631,
    0.430459
  ],
  "AFG": [
    0.684713,
    0.310199
  ],
  "AGO": [
    0.549956,
    0.567682
  ],
  "AIA": [
    0.324927,
    0.39865
  ],
  "ALA": [
    0.555194,
    0.165797
  ],
  "ALB": [
    0.555872,
    0.27414
  ],
  "AND": [
    0.504276,
    0.263624
  ],
  "ARE": [
    0.65152,
    0.369632
  ],
  "ARG": [
    0.321741,
    0.686118
  ],
  "ARM": [
    0.624446,
    0.275227
  ],
  "ASM": [
    0.025702,
    0.579593
  ],
  "ATA": [
    0.599682,
    0.943573
  ],
  "ATF": [
    0.692006,
    0.77391
  ],
  "ATG": [
    0.328359,
    0.403599
  ],
  "AUS": [
    0.87236,
    0.634053
  ],
  "AUT": [
    0.539251,
    0.236006
  ],
  "AZE": [
    0.631142,
    0.275542
  ],
  "BDI": [
    0.583103,
    0.518516
  ],
  "BEL": [
    0.513335,
    0.217859
  ],
  "BEN": [
    0.506533,
    0.44264
  ],
  "BFA": [
    0.496211,
    0.429594
  ],
  "BGD": [
    0.749125,
    0.365472
  ],
  "BGR": [
    0.569881,
    0.26384
  ],
  "BHR": [
    0.64043,
    0.355245
  ],
  "BHS": [
    0.285704,
    0.353323
  ],
  "BIH": [
    0.55019,
    0.25505
  ],
  "BLM": [
    0.325463,
    0.400545
  ],
  "BLR": [
    0.578938,
    0.20099
  ],
  "BLZ": [
    0.253575,
    0.404433
  ],
  "BMU": [
    0.320101,
    0.320574
  ],
  "BOL": [
    0.320574,
    0.592589
  ],
  "BRA": [
    0.362335,
    0.567215
  ],
  "BRB": [
    0.334531,
    0.426868
  ],
  "BRN": [
    0.8182,
    0.475287
  ],
  "BTN": [
    0.750112,
    0.347018
  ],
  "BWA": [
    0.567164,
    0.622792
  ],
  "CAF": [
    0.558075,
    0.461168
  ],
  "CAN": [
    0.216915,
    0.164865
  ],
  "CHE": [
    0.520733,
    0.240449
  ],
  "CHL": [
    0.299114,
    0.711954
  ],
  "CHN": [
    0.795381,
    0.319455
  ],
  "CIV": [
    0.484532,
    0.458381
  ],
  "CMR": [
    0.534649,
    0.474528
  ],
  "COD": [
    0.565163,
    0.510323
  ],
  "COG": [
    0.544168,
    0.499209
  ],
  "COK": [
    0.056151,
    0.617867
  ],
  "COL": [
    0.296738,
    0.48126
  ],
  "COM": [
    0.620328,
    0.565154
  ],
  "CPV": [
    0.434335,
    0.416251
  ],
  "CRI": [
    0.26645,
    0.444083
  ],
  "CUB": [
    0.2834,
    0.381478
  ],
  "CUW": [
    0.308554,
    0.432528
  ],
  "CYM": [
    0.274332,
    0.392667
  ],
  "CYP": [
    0.591901,
    0.306037
  ],
  "CZE": [
    0.542715,
    0.222876
  ],
  "DEU": [
    0.526884,
    0.216879
  ],
  "DJI": [
    0.618052,
    0.433465
  ],
  "DMA": [
    0.329597,
    0.414118
  ],
  "DNK": [
    0.52505,
    0.189072
  ],
  "DOM": [
    0.303739,
    0.393866
  ],
  "DZA": [
    0.507801,
    0.347792
  ],
  "ECU": [
    0.28281,
    0.506995
  ],
  "EGY": [
    0.581794,
    0.354521
  ],
  "ERI": [
    0.606349,
    0.412292
  ],
  "ESH": [
    0.464916,
    0.366847
  ],
  "ESP": [
    0.490376,
    0.277272
  ],
  "EST": [
    0.571853,
    0.173751
  ],
  "ETH": [
    0.608579,
    0.455373
  ],
  "FIN": [
    0.575768,
    0.148598
  ],
  "FJI": [
    0.994376,
    0.599034
  ],
  "FLK": [
    0.336837,
    0.786716
  ],
  "FRA": [
    0.514,
    0.252
  ],
  "FRO": [
    0.480393,
    0.154524
  ],
  "FSM": [
    0.939539,
    0.461736
  ],
  "GAB": [
    0.532878,
    0.502432
  ],
  "GBR": [
    0.494121,
    0.197763
  ],
  "GEO": [
    0.621488,
    0.267388
  ],
  "GGY": [
    0.492884,
    0.225203
  ],
  "GHA": [
    0.49712,
    0.457124
  ],
  "GIB": [
    0.485148,
    0.299281
  ],
  "GIN": [
    0.472177,
    0.441008
  ],
  "GMB": [
    0.458338,
    0.424213
  ],
  "GNB": [
    0.459655,
    0.432424
  ],
  "GNQ": [
    0.524973,
    0.487039
  ],
  "GRC": [
    0.560349,
    0.280596
  ],
  "GRD": [
    0.328665,
    0.432705
  ],
  "GRL": [
    0.390735,
    0.087115
  ],
  "GTM": [
    0.248619,
    0.416766
  ],
  "GUM": [
    0.901954,
    0.42581
  ],
  "GUY": [
    0.33627,
    0.471532
  ],
  "HKG": [
    0.816938,
    0.375284
  ],
  "HMD": [
    0.704181,
    0.795019
  ],
  "HND": [
    0.258646,
    0.417807
  ],
  "HRV": [
    0.545479,
    0.245523
  ],
  "HTI": [
    0.299378,
    0.392979
  ],
  "HUN": [
    0.554022,
    0.238406
  ],
  "IDN": [
    0.783036,
    0.505302
  ],
  "IMN": [
    0.487416,
    0.198773
  ],
  "IND": [
    0.720439,
    0.373962
  ],
  "IOT": [
    0.69819,
    0.534393
  ],
  "IRL": [
    0.478337,
    0.205118
  ],
  "IRN": [
    0.652587,
    0.321299
  ],
  "IRQ": [
    0.620172,
    0.316144
  ],
  "ISL": [
    0.448129,
    0.140115
  ],
  "ISR": [
    0.5968,
    0.328271
  ],
  "ITA": [
    0.530769,
    0.251486
  ],
  "JAM": [
    0.285226,
    0.399238
  ],
  "JEY": [
    0.494194,
    0.226551
  ],
  "JOR": [
    0.601044,
    0.328861
  ],
  "JPN": [
    0.884562,
    0.299208
  ],
  "KAZ": [
    0.690793,
    0.227477
  ],
  "KEN": [
    0.605299,
    0.49695
  ],
  "KGZ": [
    0.707035,
    0.268508
  ],
  "KHM": [
    0.790291,
    0.429736
  ],
  "KIR": [
    0.062821,
    0.489886
  ],
  "KNA": [
    0.325672,
    0.403686
  ],
  "KOR": [
    0.855915,
    0.297862
  ],
  "KWT": [
    0.631428,
    0.336591
  ],
  "LAO": [
    0.784816,
    0.392045
  ],
  "LBN": [
    0.59998,
    0.31037
  ],
  "LBR": [
    0.473721,
    0.464182
  ],
  "LBY": [
    0.550031,
    0.352006
  ],
  "LCA": [
    0.330611,
    0.42282
  ],
  "LIE": [
    0.526554,
    0.23827
  ],
  "LKA": [
    0.72418,
    0.457883
  ],
  "LSO": [
    0.578463,
    0.663779
  ],
  "LTU": [
    0.566916,
    0.193868
  ],
  "LUX": [
    0.516882,
    0.223701
  ],
  "LVA": [
    0.570719,
    0.182962
  ],
  "MAC": [
    0.815433,
    0.377057
  ],
  "MAF": [
    0.324863,
    0.399548
  ],
  "MAR": [
    0.480035,
    0.324163
  ],
  "MCO": [
    0.520551,
    0.257002
  ],
  "MDA": [
    0.579133,
    0.236472
  ],
  "MDG": [
    0.629734,
    0.60349
  ],
  "MDV": [
    0.704188,
    0.476809
  ],
  "MEX": [
    0.215863,
    0.367111
  ],
  "MHL": [
    0.975538,
    0.460652
  ],
  "MKD": [
    0.559877,
    0.269121
  ],
  "MLI": [
    0.494338,
    0.396152
  ],
  "MLT": [
    0.540092,
    0.300595
  ],
  "MMR": [
    0.766124,
    0.380145
  ],
  "MNE": [
    0.553177,
    0.262205
  ],
  "MNG": [
    0.789307,
    0.244458
  ],
  "MNP": [
    0.904818,
    0.415621
  ],
  "MOZ": [
    0.605105,
    0.577462
  ],
  "MRT": [
    0.472944,
    0.391183
  ],
  "MSR": [
    0.327255,
    0.407016
  ],
  "MUS": [
    0.659905,
    0.612775
  ],
  "MWI": [
    0.593356,
    0.574371
  ],
  "MYS": [
    0.816214,
    0.485952
  ],
  "NAM": [
    0.547523,
    0.614307
  ],
  "NCL": [
    0.958567,
    0.617026
  ],
  "NER": [
    0.526401,
    0.403077
  ],
  "NFK": [
    0.96654,
    0.661295
  ],
  "NGA": [
    0.520842,
    0.447557
  ],
  "NIC": [
    0.263696,
    0.429607
  ],
  "NIU": [
    0.02816,
    0.605811
  ],
  "NLD": [
    0.515587,
    0.208765
  ],
  "NOR": [
    0.525,
    0.168
  ],
  "NPL": [
    0.732333,
    0.342789
  ],
  "NRU": [
    0.963702,
    0.50289
  ],
  "NZL": [
    0.979964,
    0.720883
  ],
  "OMN": [
    0.659268,
    0.377109
  ],
  "PAK": [
    0.690405,
    0.337065
  ],
  "PAN": [
    0.2768,
    0.451545
  ],
  "PCN": [
    0.143562,
    0.635359
  ],
  "PER": [
    0.2975,
    0.572093
  ],
  "PHL": [
    0.840181,
    0.437789
  ],
  "PLW": [
    0.873834,
    0.458232
  ],
  "PNG": [
    0.899751,
    0.53164
  ],
  "POL": [
    0.55414,
    0.211165
  ],
  "PRI": [
    0.31533,
    0.398696
  ],
  "PRK": [
    0.851235,
    0.278415
  ],
  "PRT": [
    0.477023,
    0.279963
  ],
  "PRY": [
    0.332927,
    0.620414
  ],
  "PSE": [
    0.598032,
    0.321959
  ],
  "PYF": [
    0.084829,
    0.597934
  ],
  "QAT": [
    0.642065,
    0.359792
  ],
  "REU": [
    0.654,
    0.616
  ],
  "ROU": [
    0.569368,
    0.245926
  ],
  "RUS": [
    0.624129,
    0.176392
  ],
  "RWA": [
    0.583622,
    0.51054
  ],
  "SAU": [
    0.624166,
    0.367739
  ],
  "SDN": [
    0.58128,
    0.409274
  ],
  "SEN": [
    0.458948,
    0.415899
  ],
  "SGP": [
    0.78838,
    0.492408
  ],